DELETE FROM `hot_place`;
INSERT INTO `hot_place` (`hot_place_id`, `name`, `latitude`, `longitude`, `line`) VALUES
(1, '강남', 37.49799, 127.027912, '2호선'),
(2, '홍대입구', 37.55679, 126.923708, '2호선'),
(3, '서울', 37.554337, 126.971134, '1호선'),
(4, '잠실', 37.513262, 127.100159, '2호선'),
(5, '합정', 37.549457, 126.913808, '2호선'),
(6, '창동', 37.653007, 127.047806, '1호선'),
(7, '회기', 37.58946, 127.057583, '1호선'),
(8, '청량리', 37.580759, 127.0483, '1호선'),
(9, '종각', 37.570161, 126.982923, '1호선'),
(10, '동대문', 37.571687, 127.01093, '1호선'),
(11, '영등포', 37.515504, 126.907628, '1호선'),
(12, '충정로', 37.559704, 126.964378, '2호선'),
(13, '이대', 37.556733, 126.946013, '2호선'),
(14, '신촌', 37.555131, 126.936926, '2호선'),
(15, '당산', 37.534946, 126.902767, '2호선'),
(16, '영등포구청', 37.525706, 126.89661, '2호선'),
(17, '대림', 37.493243, 126.894932, '2호선'),
(18, '구로디지털단지', 37.485266, 126.901401, '2호선'),
(19, '신림', 37.484201, 126.929715, '2호선'),
(20, '서울대입구', 37.481247, 126.952739, '2호선'),
(21, '사당', 37.476538, 126.981544, '2호선'),
(22, '교대', 37.493961, 127.014667, '2호선'),
(23, '선릉', 37.504286, 127.048203, '2호선'),
(24, '삼성', 37.508844, 127.06316, '2호선'),
(25, '건대입구', 37.540373, 127.069191, '2호선'),
(26, '성수', 37.544581, 127.055961, '2호선'),
(27, '뚝섬', 37.547184, 127.047367, '2호선'),
(28, '왕십리', 37.561238, 127.036954, '2호선'),
(29, '신당', 37.56564, 127.019614, '2호선'),
(30, '경복궁', 37.575762, 126.97353, '3호선'),
(31, '안국', 37.576477, 126.985443, '3호선'),
(32, '압구정', 37.527072, 127.028461, '3호선'),
(33, '신사', 37.516334, 127.020114, '3호선'),
(34, '양재', 37.484477, 127.033902, '3호선'),
(35, '대치', 37.494612, 127.063642, '3호선'),
(36, '가락시장', 37.492245, 127.117757, '3호선'),
(37, '노원', 37.65627, 127.063276, '4호선'),
(38, '수유', 37.638052, 127.025732, '4호선'),
(39, '미아사거리', 37.613292, 127.030053, '4호선'),
(40, '혜화', 37.582336, 127.001844, '4호선'),
(41, '명동', 37.560989, 126.986325, '4호선'),
(42, '신용산', 37.52917, 126.967894, '4호선'),
(43, '이수', 37.485196, 126.981605, '7호선'),
(44, '총신대입구(이수)', 37.486263, 126.981989, '4호선'),
(45, '마곡', 37.560183, 126.825448, '5호선'),
(46, '목동', 37.526065, 126.864931, '5호선'),
(47, '여의도', 37.521747, 126.924357, '5호선'),
(48, '공덕', 37.544431, 126.951372, '5호선'),
(49, '군자', 37.557088, 127.079577, '5호선'),
(50, '천호', 37.53864, 127.123308, '5호선'),
(51, '디지털미디어시티', 37.576108, 126.901391, '6호선'),
(52, '망원', 37.556094, 126.910052, '6호선'),
(53, '이태원', 37.534488, 126.994302, '6호선'),
(54, '상봉', 37.595577, 127.085716, '7호선'),
(55, '어린이대공원', 37.548014, 127.074658, '7호선'),
(56, '강남구청', 37.517179, 127.041255, '7호선'),
(57, '논현', 37.511093, 127.021415, '7호선'),
(58, '신대방삼거리', 37.499701, 126.928276, '7호선'),
(59, '석촌', 37.505557, 127.106832, '8호선'),
(60, '송파', 37.499703, 127.112183, '8호선'),
(61, '신논현', 37.504598, 127.02506, '9호선'),
(62, '서울숲', 37.543617, 127.044707, '수인분당선');

DELETE FROM `meeting`;
INSERT INTO `meeting` (`id`, `name`, `count`, `deadline`, `status`, `is_deleted`, `created_at`, `updated_at`) VALUES
                    ('1c14d9ce-186b-41b3-971c-1f0d3dacecbc', '스위프 스터디2', 5, '2026-02-10 18:00:00', 'ACTIVE', 0, '2026-01-28 01:23:44', '2026-01-28 01:23:44'),
                    ('556453cb-a84e-486d-8079-9fa11585ab58', '스위프 스터디2', 5, '2026-02-10 18:00:00', 'ACTIVE', 0, '2026-01-28 01:19:47', '2026-01-28 01:19:47'),
                    ('eca30e6d-6d00-4c9d-8fb4-875d6ac5c80d', '스위프 스터디2', 5, '2026-02-10 18:00:00', 'ACTIVE', 0, '2026-01-28 01:19:36', '2026-01-28 01:19:36');

DELETE FROM `meeting_purpose`;
INSERT INTO `meeting_purpose` (`purpose_id`, `name`, `is_active`) VALUES
                                                                      (1, '맛집', 1),
                                                                      (2, '술집', 1),
                                                                      (3, '카페', 1),
                                                                      (4, '놀거리', 1),
                                                                      (5, '스터디카페', 1),
                                                                      (7, '장소대여', 1);



DELETE FROM `meeting_purpose_mapping`;
INSERT INTO `meeting_purpose_mapping` (`id`, `meeting_id`, `purpose_id`, `created_at`, `updated_at`) VALUES
                                                                                                   (1, 'eca30e6d-6d00-4c9d-8fb4-875d6ac5c80d', 1, '2026-01-27 16:19:36', '2026-01-27 16:19:36'),
                                                                                                   (2, 'eca30e6d-6d00-4c9d-8fb4-875d6ac5c80d', 2, '2026-01-27 16:19:36', '2026-01-27 16:19:36'),
                                                                                                   (3, 'eca30e6d-6d00-4c9d-8fb4-875d6ac5c80d', 3, '2026-01-27 16:19:36', '2026-01-27 16:19:36'),
                                                                                                   (4, '556453cb-a84e-486d-8079-9fa11585ab58', 1, '2026-01-27 16:19:47', '2026-01-27 16:19:47'),
                                                                                                   (5, '556453cb-a84e-486d-8079-9fa11585ab58', 2, '2026-01-27 16:19:47', '2026-01-27 16:19:37'),
                                                                                                   (6, '1c14d9ce-186b-41b3-971c-1f0d3dacecbc', 1, '2026-01-27 16:23:44', '2026-01-27 16:23:44'),
                                                                                                   (7, '1c14d9ce-186b-41b3-971c-1f0d3dacecbc', 2, '2026-01-27 16:23:44', '2026-01-27 16:23:44');

DELETE FROM `participant`;
INSERT INTO `participant` (`id`, `meeting_id`, `nickname`, `password`, `departure`, `time`, `is_deleted`, `created_at`, `updated_at`) VALUES
                        (2, '556453cb-a84e-486d-8079-9fa11585ab58', '강남피플', '1234', '양재역', 15, 0, '2026-01-28 01:33:34', '2026-01-28 01:33:34'),
                        (3, '1c14d9ce-186b-41b3-971c-1f0d3dacecbc', '홍대짱', '5678', '신촌역', 10, 0, '2026-01-28 01:33:34', '2026-01-28 01:33:34'),
                        (4, 'eca30e6d-6d00-4c9d-8fb4-875d6ac5c80d', '산책러', '9012', '송파역', 20, 0, '2026-01-28 01:33:34', '2026-01-28 01:37:09');
